{"count":1,"self":2422.2564352,"total":9680.6033092,"children":{"InitializeActuators":{"count":1,"self":0.0009995,"total":0.0009995,"children":null},"InitializeSensors":{"count":1,"self":0.0009985,"total":0.0009985,"children":null},"AgentSendState":{"count":17279477,"self":26.880643199999998,"total":102.3256565,"children":{"CollectObservations":{"count":3481692,"self":4.0682583999999995,"total":4.0682582,"children":null},"WriteActionMask":{"count":3481692,"self":1.9447311999999999,"total":1.9447313,"children":null},"RequestDecision":{"count":3481692,"self":10.1893896,"total":69.4320225,"children":{"AgentInfo.ToProto":{"count":3481692,"self":12.3702136,"total":59.2426332,"children":{"GenerateSensorData":{"count":3481692,"self":46.872419199999996,"total":46.8724195,"children":null}}}}}}},"DecideAction":{"count":17279477,"self":7105.5286271999994,"total":7105.5288223,"children":null},"AgentAct":{"count":17279477,"self":49.7937824,"total":50.042273599999994,"children":{"AgentInfo.ToProto":{"count":15297,"self":0.0519032,"total":0.24849069999999998,"children":{"GenerateSensorData":{"count":15297,"self":0.1965875,"total":0.1965875,"children":null}}}}},"AgentInfo.ToProto":{"count":28288,"self":0.1027819,"total":0.4461195,"children":{"GenerateSensorData":{"count":28288,"self":0.34333759999999997,"total":0.34333759999999997,"children":null}}}},"gauges":{"My Behavior.CumulativeReward":{"count":43585,"max":-63.9734535,"min":-19197382,"runningAverage":-4863.07568,"value":-10735.9121,"weightedAverage":-10737.42}},"metadata":{"timer_format_version":"0.1.0","start_time_seconds":"1639499172","unity_version":"2020.3.20f1","command_line_arguments":"C:\\Program Files\\Unity\\Hub\\Editor\\2020.3.20f1\\Editor\\Unity.exe -projectpath C:\/Users\/cyrus\/OneDrive\/Documents\/Projects\/unity\/labyrinth_ml_agents -useHub -hubIPC -cloudEnvironment production -hubSessionId f4a47f40-5c6b-11ec-856a-891bc78933e2 -accessToken PZ3DvSMsAS2S3nLW9QskAFvxuYjyN13QqvkSRuSW0TM001f","communication_protocol_version":"1.5.0","com.unity.ml-agents_version":"2.1.0-exp.1","scene_name":"SampleScene","end_time_seconds":"1639508852"}}